Time step, Pipe time, Rend time, Save time, Comp time
10, 3.5e-05, 0.251234, 0, 1.09024
10, 0.000673, 0.212424, 0, 1.43877
20, 0.001716, 0.017099, 1e-06, 0.217287
20, 0.000868, 0.016914, 0, 0.20729
30, 0.000661, 0.011318, 1e-06, 0.207662
30, 0.000644, 0.010964, 0, 0.209292
40, 0.000604, 0.011627, 1e-06, 0.206121
40, 0.000628, 0.01243, 1e-06, 0.202538
50, 0.000602, 0.0109, 1e-06, 0.196894
50, 0.000574, 0.011747, 1e-06, 0.135109
60, 0.000669, 0.010867, 1e-06, 0.18752
60, 0.000525, 0.011333, 0, 0.198509
70, 0.000647, 0.011982, 1e-06, 0.189568
70, 0.000531, 0.010979, 0, 0.201593
80, 0.000546, 0.011158, 1e-06, 0.203487
80, 0.000525, 0.011219, 1e-06, 0.16261
90, 0.000545, 0.01135, 1e-06, 0.202798
90, 0.000627, 0.011452, 1e-06, 0.140152
100, 0.000592, 0.011596, 0, 0.15961
100, 0.000848, 0.017316, 0, 0.19916
110, 0.000546, 0.011052, 1e-06, 0.133469
110, 0.000527, 0.011097, 0, 0.207567
120, 0.000658, 0.011176, 1e-06, 0.145782
120, 0.000526, 0.011166, 0, 0.189292
130, 0.000547, 0.012425, 0, 0.192586
130, 0.000651, 0.011572, 1e-06, 0.145482
140, 0.000546, 0.023021, 0, 0.191746
140, 0.000525, 0.011785, 0, 0.141567
150, 0.000591, 0.011298, 0, 0.208905
150, 0.000634, 0.012053, 0, 0.204541
160, 0.00064, 0.011178, 0, 0.213189
160, 0.000633, 0.010821, 1e-06, 0.137517
170, 0.000575, 0.011296, 1e-06, 0.206447
170, 0.000529, 0.011061, 0, 0.135684
180, 0.000545, 0.011595, 1e-06, 0.20835
180, 0.001386, 0.018786, 1e-06, 0.201857
190, 0.000652, 0.010822, 1e-06, 0.211626
190, 0.000569, 0.01104, 1e-06, 0.164935
200, 0.000545, 0.011001, 0, 0.198934
200, 0.000926, 0.012703, 1e-06, 0.193811
210, 0.000648, 0.011435, 1e-06, 0.135322
210, 0.00057, 0.012587, 0, 0.151878
220, 0.000877, 0.014971, 1e-06, 0.192736
220, 0.000571, 0.011222, 1e-06, 0.205069
230, 0.000664, 0.010805, 1e-06, 0.201142
230, 0.000625, 0.012513, 1e-06, 0.195794
240, 0.000668, 0.01132, 0, 0.205691
240, 0.000567, 0.011176, 1e-06, 0.168705
250, 0.000574, 0.011188, 1e-06, 0.201413
250, 0.000635, 0.010532, 0, 0.204009
260, 0.000593, 0.011259, 1e-06, 0.168776
260, 0.000567, 0.011247, 0, 0.206773
270, 0.001855, 0.019888, 1e-06, 0.196037
270, 0.000534, 0.016337, 1e-06, 0.176477
280, 0.000591, 0.011316, 1e-06, 0.164011
280, 0.000633, 0.011435, 1e-06, 0.200903
290, 0.000656, 0.01193, 1e-06, 0.193189
290, 0.000571, 0.011538, 1e-06, 0.147431
300, 0.000594, 0.011524, 1e-06, 0.162087
310, 0.00064, 0.011314, 0, 0.216713
320, 0.00065, 0.011405, 1e-06, 0.181121
330, 0.000522, 0.226028, 0, 1.45511
340, 0.001406, 0.020449, 0, 0.212479
350, 0.00085, 0.016615, 1e-06, 0.205137
360, 0.000568, 0.011684, 0, 0.190219
370, 0.000624, 0.011598, 1e-06, 0.214378
380, 0.000578, 0.011471, 0, 0.197236
390, 0.000598, 0.011165, 1e-06, 0.176965
400, 0.000553, 0.011155, 1e-06, 0.15304
410, 0.000594, 0.011312, 1e-06, 0.205329
420, 0.000555, 0.019272, 0, 0.121614
430, 0.000877, 0.021724, 1e-06, 0.122729
440, 0.000628, 0.010792, 0, 0.169296
450, 0.000618, 0.010906, 0, 0.215681
460, 0.000665, 0.011502, 1e-06, 0.154103
470, 0.000662, 0.011232, 0, 0.200409
480, 0.000599, 0.011218, 0, 0.12631
490, 0.000592, 0.011415, 1e-06, 0.132409
500, 0.000543, 0.010822, 1e-06, 0.199935
510, 0.000548, 0.011541, 1e-06, 0.150076
520, 0.000658, 0.011949, 1e-06, 0.178804
530, 0.000543, 0.011088, 0, 0.133409
540, 0.000592, 0.01111, 0, 0.165086
550, 0.000552, 0.020877, 1e-06, 0.183958
560, 0.000586, 0.011073, 0, 0.195167
570, 0.000596, 0.011271, 0, 0.1402
580, 0.000592, 0.011404, 0, 0.132023
590, 0.000551, 0.011347, 1e-06, 0.189426
610, 0.000599, 0.011373, 1e-06, 0.205113
620, 0.000667, 0.011219, 1e-06, 0.143374
630, 0.000641, 0.011652, 0, 0.203658
640, 0.000522, 0.208721, 0, 1.4479
650, 0.000843, 0.016506, 0, 0.213956
660, 0.000541, 0.010845, 1e-06, 0.206922
670, 0.000522, 0.011036, 1e-06, 0.208327
680, 0.00062, 0.01204, 0, 0.162926
690, 0.000581, 0.011529, 0, 0.163047
700, 0.000535, 0.011206, 0, 0.144727
710, 0.000533, 0.011146, 1e-06, 0.168064
720, 0.000574, 0.011603, 0, 0.161783
730, 0.00063, 0.022724, 0, 0.203338
740, 0.000527, 0.015414, 1e-06, 0.201862
750, 0.001829, 0.013166, 1e-06, 0.197989
760, 0.000567, 0.011443, 0, 0.127466
770, 0.000531, 0.011411, 0, 0.130655
780, 0.000572, 0.011578, 1e-06, 0.190787
790, 0.000573, 0.011581, 1e-06, 0.133865
800, 0.00063, 0.011015, 1e-06, 0.131619
810, 0.000526, 0.015572, 1e-06, 0.193891
820, 0.000524, 0.010977, 1e-06, 0.173301
830, 0.000526, 0.011498, 1e-06, 0.131439
840, 0.000523, 0.011027, 0, 0.197452
850, 0.000611, 0.011336, 0, 0.199329
860, 0.000571, 0.011743, 0, 0.188989
870, 0.000578, 0.011448, 0, 0.129221
880, 0.000568, 0.011227, 0, 0.142804
890, 0.000525, 0.011053, 0, 0.202235
910, 0.001808, 0.018828, 1e-06, 0.128874
920, 0.000531, 0.01216, 1e-06, 0.137328
930, 0.000569, 0.011363, 1e-06, 0.130971
940, 0.00053, 0.01112, 1e-06, 0.134594
950, 0.000525, 0.210254, 1e-06, 1.43953
960, 0.001278, 0.018086, 1e-06, 0.22057
970, 0.000847, 0.016802, 0, 0.170037
980, 0.000847, 0.016873, 2e-06, 0.19736
990, 0.000528, 0.011081, 1e-06, 0.19208
1000, 0.000524, 0.011236, 1e-06, 0.202763
1010, 0.000577, 0.011259, 1e-06, 0.20402
1020, 0.001797, 0.01721, 0, 0.189833
1030, 0.000529, 0.011231, 0, 0.131356
1040, 0.000635, 0.011041, 0, 0.128289
1050, 0.00085, 0.016644, 0, 0.124828
1060, 0.000527, 0.011959, 0, 0.202662
1070, 0.00097, 0.021931, 1e-06, 0.117323
1080, 0.000572, 0.011641, 0, 0.131927
1090, 0.000627, 0.011682, 1e-06, 0.13727
1100, 0.000609, 0.011358, 1e-06, 0.128201
1110, 0.000567, 0.011995, 1e-06, 0.128649
1120, 0.000627, 0.011469, 0, 0.134596
1130, 0.000637, 0.01095, 1e-06, 0.197355
1140, 0.000579, 0.011829, 0, 0.191265
1150, 0.000532, 0.011424, 0, 0.136818
1160, 0.00053, 0.011237, 0, 0.20115
1170, 0.000527, 0.011247, 1e-06, 0.200318
1180, 0.000541, 0.011551, 0, 0.1935
1190, 0.001796, 0.019415, 0, 0.2039
1210, 0.000525, 0.011325, 1e-06, 0.211276
1220, 0.000566, 0.011451, 0, 0.205913
1230, 0.000525, 0.011299, 1e-06, 0.126975
1240, 0.000525, 0.011137, 1e-06, 0.131832
1250, 0.000616, 0.01148, 1e-06, 0.164262
1260, 0.00057, 0.229214, 0, 1.44502
1270, 0.001389, 0.018861, 1e-06, 0.217824
1280, 0.000843, 0.016959, 1e-06, 0.199838
1290, 0.000568, 0.01145, 1e-06, 0.219749
1300, 0.00058, 0.0112, 1e-06, 0.198794
1310, 0.000601, 0.012161, 0, 0.201924
1320, 0.000545, 0.011472, 0, 0.196283
1330, 0.00057, 0.011304, 1e-06, 0.127408
1340, 0.000523, 0.020745, 1e-06, 0.186769
1350, 0.000528, 0.011657, 1e-06, 0.183433
1360, 0.000572, 0.011284, 0, 0.209381
1370, 0.000527, 0.011123, 1e-06, 0.136711
1380, 0.000569, 0.023575, 1e-06, 0.116583
1390, 0.000565, 0.011193, 0, 0.136329
1400, 0.000574, 0.011531, 1e-06, 0.193021
1410, 0.00053, 0.011166, 1e-06, 0.197302
1420, 0.000534, 0.011366, 1e-06, 0.138818
1430, 0.000623, 0.011144, 0, 0.197566
1440, 0.000617, 0.011063, 1e-06, 0.134824
1450, 0.000523, 0.011484, 1e-06, 0.194422
1460, 0.000527, 0.011147, 1e-06, 0.130479
1470, 0.000571, 0.011301, 0, 0.12792
1480, 0.000567, 0.011438, 1e-06, 0.132171
1490, 0.000525, 0.010923, 1e-06, 0.196545
1510, 0.000526, 0.011173, 1e-06, 0.203208
1520, 0.001426, 0.016665, 0, 0.195915
1530, 0.000628, 0.011936, 1e-06, 0.187463
1540, 0.000645, 0.012487, 0, 0.131374
1550, 0.000528, 0.011082, 0, 0.131349
1560, 0.000633, 0.011587, 1e-06, 0.195453
1570, 0.000525, 0.21792, 0, 1.45746
1580, 0.000905, 0.01691, 1e-06, 0.218833
1590, 0.000839, 0.01689, 1e-06, 0.198946
1600, 0.00063, 0.010941, 1e-06, 0.198043
1610, 0.00056, 0.011244, 1e-06, 0.187752
1620, 0.000529, 0.011335, 1e-06, 0.208034
1630, 0.001659, 0.020114, 0, 0.166018
1640, 0.000848, 0.016729, 0, 0.197214
1650, 0.000568, 0.011294, 0, 0.205143
1660, 0.000611, 0.011558, 1e-06, 0.136815
1670, 0.000524, 0.010879, 0, 0.130822
1680, 0.000621, 0.011185, 1e-06, 0.195353
1690, 0.001794, 0.011012, 0, 0.199135
1700, 0.000632, 0.011375, 0, 0.137103
1710, 0.000655, 0.012212, 1e-06, 0.139419
1720, 0.000643, 0.011323, 0, 0.195157
1730, 0.000841, 0.016776, 1e-06, 0.125278
1740, 0.000582, 0.011206, 1e-06, 0.138081
1750, 0.000569, 0.011055, 1e-06, 0.206528
1760, 0.00064, 0.01125, 0, 0.194642
1770, 0.000634, 0.011982, 1e-06, 0.138494
1780, 0.00063, 0.011901, 0, 0.163247
1790, 0.000551, 0.011391, 0, 0.211926
1810, 0.000838, 0.01678, 1e-06, 0.201932
1810, 0.000565, 0.011068, 1e-06, 0.201804
1820, 0.000524, 0.011098, 0, 0.20246
1820, 0.000525, 0.011063, 0, 0.198095
1830, 0.000533, 0.016049, 0, 0.164142
1830, 0.000631, 0.010983, 1e-06, 0.131085
1840, 0.000634, 0.011075, 0, 0.205895
1840, 0.000523, 0.246382, 0, 1.45212
1850, 0.000879, 0.017091, 0, 0.21888
1850, 0.000861, 0.01706, 1e-06, 0.207447
1860, 0.000855, 0.016727, 1e-06, 0.198714
1860, 0.00066, 0.012469, 0, 0.184047
1870, 0.000532, 0.011047, 0, 0.132264
1870, 0.000663, 0.011285, 1e-06, 0.133912
1880, 0.000566, 0.011111, 0, 0.135501
1880, 0.000524, 0.011125, 0, 0.199507
1890, 0.000526, 0.012072, 0, 0.192902
1890, 0.00063, 0.011011, 0, 0.135024
1900, 0.000549, 0.011123, 1e-06, 0.135463
1900, 0.000634, 0.011001, 1e-06, 0.126656
1910, 0.000838, 0.016774, 1e-06, 0.123075
1910, 0.000559, 0.011097, 0, 0.196594
1920, 0.000641, 0.010841, 0, 0.19449
1920, 0.000576, 0.01159, 1e-06, 0.134957
1930, 0.00052, 0.010939, 1e-06, 0.127729
1930, 0.000528, 0.011078, 0, 0.132844
1940, 0.000633, 0.010688, 0, 0.193776
1940, 0.000572, 0.011375, 0, 0.197828
1950, 0.00052, 0.011315, 0, 0.196932
1950, 0.000555, 0.011201, 1e-06, 0.202119
1960, 0.000521, 0.011163, 0, 0.194759
1960, 0.000521, 0.0109, 0, 0.126557
1970, 0.000526, 0.011043, 1e-06, 0.131368
1970, 0.000611, 0.011104, 0, 0.189626
1980, 0.000846, 0.016741, 1e-06, 0.196374
1980, 0.000531, 0.011032, 1e-06, 0.163628
1990, 0.000645, 0.01078, 1e-06, 0.140318
1990, 0.00056, 0.010945, 0, 0.12581
2000, 0.000526, 0.010976, 1e-06, 0.129971
2000, 0.000533, 0.011181, 0, 0.203574
2010, 0.000614, 0.010691, 1e-06, 0.197133
2010, 0.00063, 0.011492, 1e-06, 0.133332
2020, 0.000611, 0.010813, 0, 0.12494
2020, 0.00053, 0.011401, 0, 0.125239
2030, 0.000532, 0.011099, 0, 0.201436
2030, 0.000632, 0.01119, 0, 0.182119
2040, 0.000528, 0.011145, 0, 0.128441
2040, 0.000638, 0.011001, 0, 0.130256
2050, 0.000573, 0.01099, 1e-06, 0.14022
2050, 0.000615, 0.010993, 0, 0.191239
2060, 0.001794, 0.01558, 0, 0.170169
2060, 0.000522, 0.015944, 0, 0.124354
2070, 0.000522, 0.010902, 1e-06, 0.124615
2070, 0.000521, 0.011071, 1e-06, 0.190322
2080, 0.000521, 0.010904, 0, 0.194972
2080, 0.000564, 0.010845, 1e-06, 0.165825
2090, 0.000565, 0.010967, 1e-06, 0.126544
2090, 0.000619, 0.010749, 1e-06, 0.135482
2100, 0.000521, 0.01085, 0, 0.135025
2110, 0.000594, 0.010712, 1e-06, 0.12759
2110, 0.000619, 0.010875, 0, 0.205999
2120, 0.000522, 0.011724, 1e-06, 0.131551
2120, 0.000568, 0.011077, 1e-06, 0.128689
2130, 0.000627, 0.024178, 1e-06, 0.189234
2130, 0.00058, 0.011057, 0, 0.137761
2140, 0.000526, 0.010862, 1e-06, 0.126829
2140, 0.000562, 0.011538, 1e-06, 0.12949
2150, 0.000521, 0.211165, 1e-06, 1.47899
2150, 0.000837, 0.016745, 1e-06, 0.214077
2160, 0.000844, 0.016807, 1e-06, 0.203289
2160, 0.000851, 0.01666, 1e-06, 0.197053
2170, 0.000631, 0.011184, 0, 0.201388
2170, 0.000613, 0.011494, 1e-06, 0.191986
2180, 0.000841, 0.016721, 0, 0.187077
2180, 0.000623, 0.011512, 1e-06, 0.217123
2190, 0.000582, 0.011005, 0, 0.194931
2190, 0.00065, 0.011369, 1e-06, 0.149557
2200, 0.000569, 0.011087, 1e-06, 0.205308
2200, 0.000626, 0.01581, 1e-06, 0.183811
2210, 0.000528, 0.011132, 0, 0.199673
2210, 0.000574, 0.011195, 0, 0.180187
2220, 0.0006, 0.01153, 0, 0.139702
2220, 0.000525, 0.010989, 1e-06, 0.132685
2230, 0.00062, 0.011945, 0, 0.13064
2230, 0.00057, 0.011099, 1e-06, 0.200197
2240, 0.000525, 0.011223, 1e-06, 0.197894
2240, 0.001805, 0.016786, 0, 0.134033
2250, 0.000567, 0.011035, 0, 0.130701
2250, 0.000614, 0.011892, 1e-06, 0.124593
2260, 0.000523, 0.011055, 0, 0.193644
2260, 0.000521, 0.011243, 1e-06, 0.126131
2270, 0.000522, 0.010896, 1e-06, 0.201961
2270, 0.000614, 0.011034, 1e-06, 0.142799
2280, 0.000847, 0.016769, 1e-06, 0.129922
2280, 0.000617, 0.011342, 1e-06, 0.144417
2290, 0.000626, 0.011888, 1e-06, 0.128823
2290, 0.000618, 0.011799, 1e-06, 0.141392
2300, 0.00084, 0.016667, 0, 0.154601
2300, 0.000628, 0.020779, 0, 0.262544
2310, 0.000838, 0.016657, 1e-06, 0.161179
2310, 0.000642, 0.012361, 0, 0.136296
2320, 0.000635, 0.011619, 1e-06, 0.128523
2320, 0.000842, 0.016467, 0, 0.138696
2330, 0.00062, 0.022458, 1e-06, 0.145775
2330, 0.000618, 0.011539, 0, 0.14399
2340, 0.000567, 0.011671, 0, 0.132499
2340, 0.000582, 0.011772, 0, 0.136469
2350, 0.000852, 0.016927, 1e-06, 0.159541
2350, 0.001796, 0.016803, 0, 0.189987
2360, 0.001632, 0.023583, 1e-06, 0.154139
2360, 0.000543, 0.022019, 0, 0.193385
2370, 0.000617, 0.011209, 1e-06, 0.17195
2370, 0.000842, 0.01654, 1e-06, 0.140312
2380, 0.000561, 0.01166, 1e-06, 0.152639
2380, 0.000844, 0.016707, 1e-06, 0.127952
2390, 0.00063, 0.011467, 1e-06, 0.205654
2390, 0.000657, 0.011971, 0, 0.143415
2400, 0.00062, 0.012561, 1e-06, 0.130447
2410, 0.000642, 0.010941, 1e-06, 0.14372
2420, 0.000634, 0.012504, 1e-06, 0.139119
2430, 0.000963, 0.016493, 1e-06, 0.13677
2440, 0.000564, 0.011406, 0, 0.175207
2450, 0.000634, 0.012358, 1e-06, 0.141771
2460, 0.000841, 0.016557, 0, 0.124693
2470, 0.000654, 0.020778, 0, 0.144363
2480, 0.000565, 0.01166, 1e-06, 0.140427
2490, 0.000634, 0.012352, 0, 0.133085
2500, 0.000565, 0.201772, 1e-06, 1.41057
2510, 0.001792, 0.018015, 1e-06, 0.211789
2520, 0.000843, 0.016717, 1e-06, 0.203812
2530, 0.000842, 0.016764, 1e-06, 0.199527
2540, 0.000839, 0.022581, 0, 0.192054
2550, 0.000845, 0.016519, 0, 0.126371
2560, 0.000616, 0.01137, 0, 0.212954
2570, 0.00139, 0.022683, 0, 0.172989
2580, 0.000875, 0.016509, 1e-06, 0.125838
2590, 0.000528, 0.011553, 0, 0.14437
2600, 0.000523, 0.01788, 1e-06, 0.134752
2610, 0.000616, 0.011895, 1e-06, 0.205567
2620, 0.000834, 0.016531, 1e-06, 0.195599
2630, 0.000623, 0.01156, 0, 0.139572
2640, 0.000563, 0.020221, 0, 0.113669
2650, 0.00084, 0.022847, 1e-06, 0.162786
2660, 0.000633, 0.011325, 1e-06, 0.145477
2670, 0.000563, 0.011115, 0, 0.181876
2680, 0.000626, 0.011011, 0, 0.191716
2690, 0.000598, 0.011369, 1e-06, 0.199435
2710, 0.00064, 0.011375, 0, 0.141552
2720, 0.000566, 0.011121, 1e-06, 0.128177
2730, 0.000569, 0.011155, 0, 0.131096
2740, 0.00085, 0.016757, 0, 0.138226
2750, 0.000588, 0.011732, 1e-06, 0.200349
2760, 0.00061, 0.011552, 0, 0.138663
2770, 0.000554, 0.011153, 1e-06, 0.128752
2780, 0.000626, 0.012526, 1e-06, 0.133489
2790, 0.000621, 0.011639, 0, 0.137455
2800, 0.000628, 0.011799, 0, 0.143892
2810, 0.000631, 0.198631, 0, 1.46165
2820, 0.001497, 0.017294, 1e-06, 0.213739
2830, 0.000854, 0.016686, 1e-06, 0.200279
2840, 0.000842, 0.015445, 0, 0.190996
2850, 0.000632, 0.010785, 1e-06, 0.129634
2860, 0.000621, 0.011034, 0, 0.129646
2870, 0.000529, 0.011206, 0, 0.197457
2880, 0.000524, 0.010977, 1e-06, 0.195338
2890, 0.000615, 0.010912, 0, 0.202206
2900, 0.001785, 0.011581, 0, 0.190434
2910, 0.000612, 0.011182, 1e-06, 0.204887
2920, 0.000622, 0.010767, 1e-06, 0.197192
2930, 0.000525, 0.011038, 0, 0.197814
2940, 0.000566, 0.010844, 1e-06, 0.127365
2950, 0.000527, 0.011354, 1e-06, 0.128616
2960, 0.000521, 0.011269, 1e-06, 0.192183
2970, 0.000524, 0.011143, 0, 0.197089
2980, 0.000525, 0.011124, 1e-06, 0.196153
2990, 0.000525, 0.011106, 0, 0.194995
3010, 0.000625, 0.010691, 1e-06, 0.19651
3020, 0.000853, 0.016696, 1e-06, 0.186721
3030, 0.000644, 0.010843, 0, 0.197174
3040, 0.000517, 0.010931, 1e-06, 0.193746
3050, 0.000527, 0.011047, 1e-06, 0.209716
3060, 0.000632, 0.010582, 0, 0.196686
3070, 0.000632, 0.011247, 0, 0.140896
3080, 0.000519, 0.011108, 1e-06, 0.192421
3090, 0.00056, 0.024882, 0, 0.182822
3100, 0.000641, 0.010894, 1e-06, 0.192889
3110, 0.001791, 0.02078, 0, 0.16204
3120, 0.000584, 0.201157, 0, 1.44262
3130, 0.000856, 0.0167, 1e-06, 0.235939
3140, 0.000844, 0.023093, 0, 0.201422
3150, 0.001809, 0.01699, 1e-06, 0.193346
3160, 0.000854, 0.016973, 1e-06, 0.19353
3170, 0.000532, 0.011458, 1e-06, 0.200381
3180, 0.000532, 0.011148, 0, 0.211139
3190, 0.000621, 0.011532, 1e-06, 0.139777
3200, 0.000649, 0.01133, 1e-06, 0.134544
3210, 0.000523, 0.010777, 1e-06, 0.195699
3220, 0.000622, 0.01063, 0, 0.202599
3230, 0.000567, 0.010929, 0, 0.204978
3240, 0.001793, 0.014391, 0, 0.197049
3250, 0.000564, 0.011067, 0, 0.192409
3260, 0.000525, 0.01088, 0, 0.1999
3270, 0.001263, 0.018781, 0, 0.162357
3280, 0.000528, 0.01102, 0, 0.200464
3290, 0.000537, 0.011026, 0, 0.202086
3310, 0.000572, 0.010995, 0, 0.147209
3320, 0.000534, 0.010982, 0, 0.146453
3330, 0.000628, 0.010668, 0, 0.194785
3340, 0.001787, 0.017417, 0, 0.18871
3350, 0.000841, 0.014844, 1e-06, 0.194582
3360, 0.001795, 0.018677, 0, 0.174471
3370, 0.000526, 0.010863, 1e-06, 0.197104
3380, 0.000521, 0.010606, 1e-06, 0.199534
3390, 0.000526, 0.011074, 1e-06, 0.174503
3400, 0.000638, 0.011284, 1e-06, 0.194088
3410, 0.001809, 0.020456, 1e-06, 0.188234
3420, 0.000567, 0.010903, 0, 0.179729
3430, 0.000523, 0.199248, 0, 1.4343
3440, 0.001039, 0.022969, 0, 0.212148
3450, 0.00084, 0.01641, 1e-06, 0.196225
3460, 0.000521, 0.010949, 1e-06, 0.195221
3470, 0.000841, 0.016556, 1e-06, 0.203526
3480, 0.001791, 0.019026, 0, 0.13777
3490, 0.000529, 0.011149, 0, 0.137198
3500, 0.000527, 0.011123, 0, 0.136761
3510, 0.000531, 0.011079, 1e-06, 0.145753
3520, 0.000527, 0.011141, 1e-06, 0.136759
3530, 0.000562, 0.01096, 0, 0.208664
3540, 0.000607, 0.010643, 0, 0.199546
3550, 0.00063, 0.010738, 0, 0.204566
3560, 0.000568, 0.011035, 0, 0.195997
3570, 0.000619, 0.010997, 0, 0.213633
3580, 0.000957, 0.011127, 0, 0.197795
3590, 0.000521, 0.010994, 0, 0.171827
4210, 0.000542, 0.011553, 1e-06, 0.214627
4210, 0.000527, 0.010971, 0, 0.138736
4220, 0.000529, 0.011026, 0, 0.196437
4220, 0.000524, 0.010936, 1e-06, 0.170704
4230, 0.000526, 0.010991, 1e-06, 0.156677
4230, 0.000628, 0.010883, 0, 0.138705
4240, 0.000569, 0.011082, 1e-06, 0.131442
4240, 0.000839, 0.01665, 1e-06, 0.206776
4250, 0.000628, 0.010711, 0, 0.197474
4250, 0.000525, 0.011092, 1e-06, 0.196342
4260, 0.000621, 0.010706, 1e-06, 0.212831
4260, 0.000632, 0.012451, 0, 0.137726
4270, 0.000595, 0.011118, 1e-06, 0.197597
4270, 0.00052, 0.179476, 1e-06, 1.52195
4280, 0.000919, 0.017164, 1e-06, 0.146874
4280, 0.000838, 0.016544, 0, 0.197363
4290, 0.000844, 0.016662, 1e-06, 0.207361
4290, 0.000519, 0.010952, 0, 0.201393
4300, 0.000569, 0.011088, 1e-06, 0.167704
4300, 0.000537, 0.011347, 1e-06, 0.193962
4310, 0.000627, 0.010967, 1e-06, 0.198375
4310, 0.000564, 0.011099, 0, 0.169074
4320, 0.000566, 0.01115, 0, 0.203383
4320, 0.000566, 0.011326, 0, 0.206063
4330, 0.000633, 0.010975, 0, 0.17356
4330, 0.000567, 0.011222, 1e-06, 0.206737
4340, 0.000624, 0.010951, 0, 0.195348
4340, 0.000585, 0.01105, 1e-06, 0.200101
4350, 0.000525, 0.011341, 1e-06, 0.140925
4350, 0.001791, 0.017957, 0, 0.132726
4360, 0.000838, 0.016656, 0, 0.197217
4360, 0.000568, 0.011048, 1e-06, 0.20598
4370, 0.00063, 0.01081, 0, 0.202972
4370, 0.000525, 0.01105, 0, 0.199605
4380, 0.00052, 0.010964, 0, 0.204747
4380, 0.000529, 0.011104, 0, 0.189861
4390, 0.000658, 0.011084, 1e-06, 0.13846
4390, 0.000575, 0.011116, 0, 0.1323
4400, 0.000574, 0.011033, 0, 0.137794
4400, 0.000523, 0.01107, 1e-06, 0.199513
4410, 0.000559, 0.011192, 1e-06, 0.209318
4410, 0.000567, 0.01104, 0, 0.197869
4420, 0.000629, 0.010708, 0, 0.141204
4420, 0.000529, 0.010837, 1e-06, 0.195359
4430, 0.000632, 0.01147, 1e-06, 0.208172
4430, 0.000524, 0.011026, 0, 0.200136
4440, 0.000617, 0.011137, 1e-06, 0.20082
4440, 0.000615, 0.011015, 0, 0.198113
4450, 0.000568, 0.011059, 1e-06, 0.213831
4450, 0.000529, 0.011091, 1e-06, 0.199963
4460, 0.000569, 0.010916, 0, 0.204668
4460, 0.000525, 0.019401, 1e-06, 0.201557
4470, 0.000533, 0.010951, 0, 0.196347
4470, 0.000619, 0.010956, 1e-06, 0.202398
4480, 0.000525, 0.011043, 1e-06, 0.177283
4480, 0.000567, 0.010969, 0, 0.149726
4490, 0.000638, 0.010913, 0, 0.205906
4490, 0.001504, 0.019288, 1e-06, 0.183551
4500, 0.000568, 0.011057, 0, 0.132391
4510, 0.000529, 0.011019, 1e-06, 0.203411
4520, 0.000522, 0.020799, 1e-06, 0.190618
4530, 0.000523, 0.011097, 0, 0.132508
4540, 0.000548, 0.011195, 1e-06, 0.211342
4550, 0.000629, 0.010638, 1e-06, 0.198618
4560, 0.001629, 0.018636, 1e-06, 0.169513
4570, 0.000563, 0.011005, 0, 0.20384
4580, 0.000592, 0.011491, 0, 0.19912
4590, 0.000626, 0.010714, 1e-06, 0.17855
4600, 0.000521, 0.010957, 0, 0.131838
4610, 0.00063, 0.010813, 0, 0.132609
4620, 0.00053, 0.011087, 0, 0.133015
4630, 0.00057, 0.011062, 0, 0.140572
4640, 0.000522, 0.011052, 0, 0.139035
4650, 0.000568, 0.202479, 0, 1.4706
4660, 0.001654, 0.017479, 0, 0.211071
4670, 0.000856, 0.016805, 0, 0.200019
4680, 0.000525, 0.01116, 1e-06, 0.202728
4690, 0.000525, 0.011583, 1e-06, 0.193436
4700, 0.000844, 0.016585, 1e-06, 0.19897
4710, 0.000584, 0.011161, 0, 0.20194
4720, 0.000529, 0.011186, 1e-06, 0.201826
4730, 0.000644, 0.011115, 0, 0.133058
4740, 0.000656, 0.010936, 0, 0.194622
4750, 0.000572, 0.011992, 0, 0.187705
4760, 0.000527, 0.011128, 0, 0.131766
4770, 0.000527, 0.011337, 1e-06, 0.132006
4780, 0.000522, 0.011067, 0, 0.131666
4790, 0.000526, 0.011735, 0, 0.151173
4810, 0.000569, 0.011158, 0, 0.137634
4810, 0.000636, 0.010914, 1e-06, 0.13582
4820, 0.000573, 0.011185, 0, 0.1425
4820, 0.00056, 0.010851, 1e-06, 0.131046
4830, 0.000632, 0.010724, 1e-06, 0.143021
4830, 0.000636, 0.011198, 1e-06, 0.14427
4840, 0.000571, 0.011189, 1e-06, 0.143776
4840, 0.000576, 0.01103, 0, 0.142752
4850, 0.000526, 0.010868, 1e-06, 0.127404
4850, 0.000595, 0.010878, 1e-06, 0.195309
4860, 0.000631, 0.011082, 1e-06, 0.139864
4860, 0.00053, 0.011194, 0, 0.205981
4870, 0.000628, 0.010973, 1e-06, 0.194745
4870, 0.001786, 0.015273, 1e-06, 0.192596
4880, 0.000843, 0.016598, 0, 0.189131
4880, 0.000529, 0.21663, 0, 1.44849
4890, 0.000891, 0.016867, 0, 0.214858
4890, 0.000851, 0.016867, 1e-06, 0.209033
4900, 0.00088, 0.016753, 1e-06, 0.166164
4900, 0.000638, 0.011837, 1e-06, 0.202549
4910, 0.000571, 0.011588, 0, 0.166083
4910, 0.000567, 0.011662, 1e-06, 0.15414
4920, 0.000845, 0.022424, 0, 0.125601
4920, 0.00086, 0.022628, 0, 0.198391
4930, 0.0018, 0.016868, 1e-06, 0.188608
4930, 0.000618, 0.011723, 1e-06, 0.133872
4940, 0.000843, 0.016296, 0, 0.141474
4940, 0.000565, 0.011493, 0, 0.135549
4950, 0.000525, 0.011339, 0, 0.197104
4950, 0.000604, 0.011933, 0, 0.199526
4960, 0.001505, 0.016988, 0, 0.197207
4960, 0.000626, 0.011468, 0, 0.196594
4970, 0.000623, 0.011952, 0, 0.217869
4970, 0.000566, 0.011291, 0, 0.159101
4980, 0.000567, 0.011825, 0, 0.213887
4980, 0.000637, 0.01093, 0, 0.200654
4990, 0.001607, 0.023008, 0, 0.19245
4990, 0.000564, 0.011663, 0, 0.16933
5000, 0.00057, 0.011386, 0, 0.207093
5000, 0.000618, 0.019877, 1e-06, 0.139928
5010, 0.000568, 0.011734, 1e-06, 0.136735
5010, 0.000849, 0.016748, 0, 0.135532
5020, 0.000622, 0.011422, 0, 0.212452
5020, 0.000618, 0.020823, 1e-06, 0.200387
5030, 0.000637, 0.011261, 1e-06, 0.134071
5030, 0.000625, 0.011683, 1e-06, 0.140753
5040, 0.000617, 0.011773, 1e-06, 0.204755
5040, 0.000617, 0.012302, 0, 0.20658
5050, 0.000574, 0.011444, 0, 0.145141
5050, 0.000528, 0.011293, 0, 0.199139
5060, 0.000633, 0.011222, 1e-06, 0.208258
5060, 0.000563, 0.011023, 1e-06, 0.208452
5070, 0.000622, 0.011899, 0, 0.208799
5070, 0.000566, 0.011777, 1e-06, 0.206438
5080, 0.000565, 0.020968, 1e-06, 0.219609
5080, 0.000837, 0.01671, 1e-06, 0.196401
5090, 0.00057, 0.011675, 0, 0.199221
5090, 0.000839, 0.016565, 1e-06, 0.194618
5100, 0.000564, 0.011614, 1e-06, 0.211424
5110, 0.000964, 0.011922, 1e-06, 0.200422
5120, 0.001796, 0.017093, 1e-06, 0.153912
5130, 0.000839, 0.013884, 1e-06, 0.13237
5140, 0.001025, 0.01272, 1e-06, 0.195066
5150, 0.000569, 0.011286, 0, 0.152049
5160, 0.000617, 0.01238, 1e-06, 0.154806
5170, 0.00054, 0.011567, 0, 0.206446
5180, 0.001625, 0.018936, 1e-06, 0.189849
5190, 0.001312, 0.018761, 0, 0.190841
5200, 0.00052, 0.011487, 1e-06, 0.194611
5210, 0.000558, 0.011115, 0, 0.200654
5220, 0.001643, 0.017205, 0, 0.143218
5230, 0.000564, 0.011189, 0, 0.138682
5240, 0.000616, 0.01165, 0, 0.148082
5250, 0.000634, 0.011348, 0, 0.20162
5260, 0.000635, 0.021234, 0, 0.19727
5270, 0.000622, 0.222855, 0, 1.39637
5280, 0.001553, 0.018876, 0, 0.218929
5290, 0.000867, 0.016446, 0, 0.202358
5300, 0.000586, 0.011358, 0, 0.209742
5310, 0.00139, 0.01454, 1e-06, 0.206163
5320, 0.000845, 0.016712, 0, 0.193294
5330, 0.000566, 0.0114, 0, 0.15369
5340, 0.000561, 0.01155, 1e-06, 0.196912
5350, 0.001084, 0.018133, 0, 0.204983
5360, 0.000839, 0.016647, 0, 0.195435
5370, 0.000596, 0.011345, 0, 0.205617
5380, 0.000612, 0.011214, 1e-06, 0.150376
5390, 0.000602, 0.011679, 0, 0.140863
5410, 0.000569, 0.022787, 1e-06, 0.202119
5420, 0.000566, 0.011748, 1e-06, 0.213715
5430, 0.000922, 0.021347, 1e-06, 0.195319
5440, 0.000563, 0.022124, 1e-06, 0.134893
5450, 0.000615, 0.011236, 1e-06, 0.144824
5460, 0.000845, 0.016714, 0, 0.201746
5470, 0.000561, 0.01081, 1e-06, 0.202499
5480, 0.001791, 0.017214, 0, 0.1982
5490, 0.000842, 0.016477, 1e-06, 0.196164
5500, 0.000561, 0.011689, 0, 0.159911
5510, 0.000571, 0.011469, 1e-06, 0.147714
5520, 0.000522, 0.020141, 0, 0.189601
5530, 0.000917, 0.017271, 1e-06, 0.13157
5540, 0.000839, 0.016569, 0, 0.205176
5550, 0.000621, 0.011598, 1e-06, 0.197766
5560, 0.000568, 0.011178, 0, 0.207392
5570, 0.000593, 0.011875, 0, 0.204116
5580, 0.000579, 0.264997, 1e-06, 1.36365
5590, 0.001395, 0.022444, 1e-06, 0.217085
5600, 0.00084, 0.016768, 0, 0.202805
5610, 0.000837, 0.016615, 0, 0.19836
5620, 0.000572, 0.025245, 0, 0.185519
5630, 0.001805, 0.01678, 0, 0.199918
5640, 0.00085, 0.046253, 0, 0.159394
5650, 0.000622, 0.05222, 0, 0.108444
5660, 0.00054, 0.048962, 1e-06, 0.165095
5670, 0.000624, 0.066603, 0, 0.162587
5680, 0.001816, 0.050844, 0, 0.172731
5690, 0.001644, 0.049908, 0, 0.161773
5710, 0.000637, 0.044872, 1e-06, 0.16466
5710, 0.001343, 0.067667, 0, 0.094689
5720, 0.001516, 0.061048, 1e-06, 0.16981
5720, 0.001531, 0.074216, 0, 0.144232
5730, 0.000579, 0.070483, 1e-06, 0.144549
5730, 0.001659, 0.114021, 1e-06, 0.098302
5740, 0.000859, 0.083275, 1e-06, 0.069902
5740, 0.000576, 0.070604, 0, 0.142078
5750, 0.000581, 0.082089, 0, 0.136381
5750, 0.000575, 0.070939, 0, 0.153503
5760, 0.000585, 0.074103, 0, 0.079482
5760, 0.000602, 0.073681, 1e-06, 0.126662
5770, 0.000544, 0.07286, 1e-06, 0.141767
5770, 0.000865, 0.105916, 1e-06, 0.097281
5780, 0.000866, 0.106428, 0, 0.055622
5780, 0.000647, 0.070445, 0, 0.102973
5790, 0.000535, 0.110566, 0, 0.110551
5790, 0.000982, 0.073266, 1e-06, 0.144744
5800, 0.000552, 0.278888, 0, 1.4482
5800, 0.001662, 0.106574, 0, 0.124941
5810, 0.000868, 0.108806, 1e-06, 0.104185
5810, 0.000861, 0.109889, 1e-06, 0.033402
5820, 0.000857, 0.076856, 1e-06, 0.128271
5820, 0.000638, 0.072173, 0, 0.141944
5830, 0.000585, 0.070273, 1e-06, 0.14254
5830, 0.000563, 0.109301, 1e-06, 0.038257
5840, 0.000543, 0.069757, 0, 0.073979
5840, 0.000645, 0.069376, 0, 0.137713
5850, 0.00182, 0.071281, 1e-06, 0.141796
5850, 0.000638, 0.071566, 1e-06, 0.145698
5860, 0.000633, 0.109642, 1e-06, 0.048219
5860, 0.000863, 0.102711, 0, 0.080622
5870, 0.000556, 0.07081, 1e-06, 0.14212
5870, 0.000663, 0.071319, 0, 0.135598
5880, 0.000656, 0.073648, 0, 0.137243
5880, 0.000647, 0.070993, 0, 0.13449
5890, 0.000581, 0.069857, 1e-06, 0.075516
5890, 0.000537, 0.069041, 0, 0.078442
5900, 0.000542, 0.096527, 1e-06, 0.113793
5900, 0.000586, 0.070703, 1e-06, 0.075701
5910, 0.000545, 0.074482, 0, 0.082511
5910, 0.000538, 0.069566, 0, 0.142802
5920, 0.001823, 0.110567, 0, 0.071605
5920, 0.000589, 0.075252, 1e-06, 0.134786
5930, 0.000581, 0.078917, 1e-06, 0.143155
5930, 0.000634, 0.072223, 0, 0.138447
5940, 0.000645, 0.070241, 0, 0.096114
5940, 0.000669, 0.070484, 1e-06, 0.152505
5950, 0.000591, 0.072217, 1e-06, 0.07537
5950, 0.000667, 0.070879, 0, 0.145315
5960, 0.000546, 0.071736, 0, 0.141705
5960, 0.001827, 0.104513, 1e-06, 0.102539
5970, 0.000543, 0.070488, 1e-06, 0.139257
5970, 0.000633, 0.070169, 0, 0.148622
5980, 0.001244, 0.106401, 0, 0.100898
5980, 0.000634, 0.068723, 1e-06, 0.140141
5990, 0.000593, 0.072485, 0, 0.131286
5990, 0.000587, 0.074877, 1e-06, 0.079126
6000, 0.00054, 0.068263, 1e-06, 0.138087
6910, 0.000583, 0.071033, 1e-06, 0.143347
6920, 0.000652, 0.06953, 0, 0.141086
6930, 0.000543, 0.079266, 1e-06, 0.133307
6940, 0.00065, 0.071836, 1e-06, 0.141875
6950, 0.000651, 0.072675, 1e-06, 0.138445
6960, 0.000661, 0.072106, 1e-06, 0.117093
6970, 0.000588, 0.110103, 1e-06, 0.110976
6980, 0.000872, 0.079241, 0, 0.137498
6990, 0.000595, 0.070374, 1e-06, 0.142765
7000, 0.000592, 0.078619, 1e-06, 0.117346
7010, 0.000653, 0.071094, 1e-06, 0.075993
7020, 0.000652, 0.071328, 1e-06, 0.074541
7030, 0.000651, 0.071218, 1e-06, 0.14903
7040, 0.000909, 0.073605, 1e-06, 0.136891
7050, 0.000663, 0.073863, 0, 0.089959
7060, 0.000589, 0.069273, 1e-06, 0.07671
7070, 0.00055, 0.071386, 1e-06, 0.146518
7080, 0.000667, 0.073761, 1e-06, 0.148482
7090, 0.000651, 0.068423, 1e-06, 0.082198
7100, 0.000562, 0.357012, 0, 1.32275
7110, 0.001575, 0.111606, 1e-06, 0.12059
7120, 0.000891, 0.104807, 0, 0.047129
7130, 0.000671, 0.119864, 1e-06, 0.030489
7140, 0.000884, 0.088111, 1e-06, 0.117786
7150, 0.00061, 0.0737, 0, 0.076511
7160, 0.000604, 0.070503, 0, 0.07216
7170, 0.000601, 0.069339, 1e-06, 0.072538
7180, 0.000674, 0.071289, 1e-06, 0.068051
7190, 0.000552, 0.069659, 0, 0.14529
7210, 0.000891, 0.082861, 0, 0.123494
7220, 0.000709, 0.070638, 1e-06, 0.077645
7230, 0.000657, 0.069294, 1e-06, 0.072749
7240, 0.000619, 0.070192, 1e-06, 0.079065
7250, 0.000564, 0.071181, 1e-06, 0.14543
7260, 0.000551, 0.068522, 1e-06, 0.141456
7270, 0.000668, 0.071272, 2e-06, 0.140046
7280, 0.001888, 0.111466, 1e-06, 0.095741
7290, 0.00062, 0.068839, 0, 0.117095
7300, 0.000609, 0.071702, 1e-06, 0.071889
7310, 0.00057, 0.099746, 0, 0.046365
7320, 0.000893, 0.086131, 0, 0.055742
7330, 0.000595, 0.070603, 0, 0.072091
7340, 0.000704, 0.071053, 0, 0.147306
7350, 0.000612, 0.070901, 0, 0.07011
7360, 0.001288, 0.073499, 1e-06, 0.068622
7370, 0.000937, 0.071924, 0, 0.072029
7380, 0.000608, 0.070645, 1e-06, 0.080013
7390, 0.000949, 0.07242, 1e-06, 0.130782
7400, 0.000611, 0.071938, 1e-06, 0.087036
7410, 0.000571, 0.339198, 1e-06, 1.30655
7420, 0.000913, 0.103123, 0, 0.131732
7430, 0.000901, 0.102478, 1e-06, 0.113002
7440, 0.000914, 0.102445, 1e-06, 0.110707
7450, 0.000608, 0.069835, 1e-06, 0.140535
7460, 0.000672, 0.070325, 0, 0.124337
7470, 0.000658, 0.071374, 1e-06, 0.069098
7480, 0.000615, 0.068842, 0, 0.075822
7490, 0.000618, 0.070922, 0, 0.073226
8710, 0.000612, 0.067772, 0, 0.081586
8720, 0.000656, 0.069154, 1e-06, 0.142398
8730, 0.000681, 0.095935, 0, 0.085344
8740, 0.000953, 0.098543, 0, 0.048757
8750, 0.000564, 0.102801, 1e-06, 0.039339
8760, 0.000564, 0.095493, 0, 0.114755
8770, 0.000575, 0.097057, 1e-06, 0.044219
8780, 0.000575, 0.095527, 1e-06, 0.057524
8790, 0.000952, 0.099642, 0, 0.053594
8800, 0.000563, 0.15269, 0, 0.059101
8810, 0.000945, 0.100465, 1e-06, 0.051655
8820, 0.000587, 0.095803, 1e-06, 0.110053
8830, 0.000582, 0.097259, 0, 0.075887
8840, 0.00069, 0.095161, 0, 0.044731
8850, 0.000575, 0.096573, 1e-06, 0.048529
8860, 0.000618, 0.151641, 0, 0.045126
8870, 0.000913, 0.105985, 0, 0.101726
8880, 0.000606, 0.101846, 1e-06, 0.109159
8890, 0.001753, 0.095049, 1e-06, 0.109993
8900, 0.000944, 0.097376, 0, 0.117393
8910, 0.000964, 0.103095, 1e-06, 0.062082
8920, 0.000612, 0.413603, 1e-06, 1.16896
8930, 0.001003, 0.189203, 0, 0.046506
8940, 0.001052, 0.195566, 1e-06, 0.019088
8950, 0.000979, 0.188837, 0, 0.001976
8960, 0.000955, 0.156022, 0, 0.001448
8970, 0.00096, 0.16502, 0, 0.052315
8980, 0.000737, 0.195963, 0, 0.024039
8990, 0.000999, 0.16082, 0, 0.001474
9010, 0.000633, 0.132421, 0, 0.001466
9020, 0.000735, 0.12345, 0, 0.00145
9030, 0.000723, 0.125781, 1e-06, 0.037405
9040, 0.000592, 0.123603, 1e-06, 0.001498
9050, 0.000709, 0.122496, 1e-06, 0.001494
9060, 0.000709, 0.124944, 1e-06, 0.044547
9070, 0.00066, 0.123008, 1e-06, 0.001433
9080, 0.000743, 0.123331, 1e-06, 0.001532
9090, 0.000742, 0.124573, 0, 0.002623
9100, 0.000713, 0.122384, 1e-06, 0.001544
9110, 0.000719, 0.193955, 0, 0.001491
9120, 0.000597, 0.130681, 0, 0.048728
9130, 0.001005, 0.124348, 0, 0.037326
9140, 0.000676, 0.123254, 0, 0.001126
9150, 0.000605, 0.12139, 0, 0.040079
9160, 0.001005, 0.126101, 1e-06, 0.036806
9170, 0.000702, 0.124189, 0, 0.048231
9180, 0.00097, 0.180879, 0, 0.00106
9190, 0.000718, 0.134297, 0, 0.02928
9200, 0.000652, 0.123756, 0, 0.00221
9210, 0.000712, 0.130598, 0, 0.040184
9220, 0.000749, 0.130138, 1e-06, 0.036092
9230, 0.00077, 0.504537, 0, 1.07404
9240, 0.001028, 0.188321, 0, 0.005852
9250, 0.000996, 0.18879, 1e-06, 0.001972
9260, 0.000968, 0.190068, 0, 0.001981
9270, 0.000977, 0.167139, 1e-06, 0.003929
9280, 0.000607, 0.123773, 1e-06, 0.050803
9290, 0.000749, 0.124242, 0, 0.037276
9310, 0.000642, 0.122562, 0, 0.001444
9320, 0.000607, 0.122039, 1e-06, 0.040121
9330, 0.000602, 0.167859, 1e-06, 0.001937
9340, 0.000966, 0.191855, 0, 0.001479
9350, 0.000907, 0.125083, 1e-06, 0.035628
9360, 0.000611, 0.123469, 1e-06, 0.001467
9370, 0.000618, 0.123651, 0, 0.001484
9380, 0.000615, 0.125405, 1e-06, 0.003519
9390, 0.000739, 0.123965, 0, 0.001551
9400, 0.000605, 0.122067, 0, 0.001438
9410, 0.000729, 0.129121, 1e-06, 0.001511
9420, 0.000605, 0.124691, 0, 0.000994
9430, 0.000737, 0.122835, 0, 0.034929
9440, 0.000607, 0.122166, 0, 0.032897
9450, 0.000712, 0.123786, 1e-06, 0.04909
9460, 0.000728, 0.196631, 0, 0.001337
9470, 0.00096, 0.134169, 0, 0.027372
9480, 0.0007, 0.123383, 1e-06, 0.051504
9490, 0.001005, 0.188013, 0, 0.001341
9500, 0.001871, 0.131481, 0, 0.051629
9510, 0.000608, 0.126293, 0, 0.046626
9520, 0.001017, 0.128845, 0, 0.034034
9530, 0.000667, 0.124354, 0, 0.001055
9540, 0.00062, 0.426564, 0, 1.1181
9550, 0.000971, 0.191756, 1e-06, 0.001977
9560, 0.000966, 0.189816, 0, 0.001955
9570, 0.001168, 0.192025, 1e-06, 0.001993
9580, 0.001707, 0.196212, 0, 0.00195
9590, 0.00187, 0.189486, 0, 0.001716
9610, 0.000726, 0.126207, 1e-06, 0.001564
9620, 0.001004, 0.129581, 1e-06, 0.001585
9630, 0.000602, 0.123191, 1e-06, 0.006818
9640, 0.000723, 0.123203, 0, 0.001431
9650, 0.000619, 0.123732, 0, 0.006176
9660, 0.000746, 0.148555, 0, 0.001951
9670, 0.002072, 0.197557, 0, 0.001955
9680, 0.001043, 0.167922, 0, 0.001487
9690, 0.000843, 0.12699, 1e-06, 0.001478
9700, 0.000722, 0.126309, 0, 0.001472
9710, 0.000756, 0.124475, 0, 0.001491
9720, 0.000625, 0.125304, 0, 0.001475
9730, 0.000666, 0.125962, 0, 0.004655
9740, 0.000662, 0.194676, 1e-06, 0.001375
9750, 0.000977, 0.157788, 0, 0.001047
9760, 0.000725, 0.1285, 0, 0.002365
9770, 0.000734, 0.121542, 0, 0.007003
9780, 0.00061, 0.122819, 0, 0.001018
9790, 0.000736, 0.12431, 1e-06, 0.001125
9800, 0.000744, 0.122909, 1e-06, 0.001018
9810, 0.000675, 0.124098, 0, 0.001037
9820, 0.00074, 0.13214, 1e-06, 0.000997
9830, 0.000724, 0.125514, 1e-06, 0.003771
9840, 0.000738, 0.130397, 0, 0.001079
9850, 0.000627, 0.496414, 0, 1.06348
9860, 0.001974, 0.190768, 0, 0.002032
9870, 0.000989, 0.192181, 1e-06, 0.002002
9880, 0.000977, 0.192059, 0, 0.002022
9890, 0.000985, 0.156127, 0, 0.001432
, 0.000685, 0.134182, 0, 0.00148
, 0.000743, 0.124639, 1e-06, 0.001683
, 0.000744, 0.128003, 1e-06, 0.001534
, 0.000742, 0.12355, 0, 0.006222
, 0.00077, 0.137231, 0, 0.001348
, 0.000732, 0.12518, 1e-06, 0.001498
, 0.000624, 0.134165, 0, 0.001455
, 0.000643, 0.125759, 0, 0.001496
, 0.000607, 0.120874, 1e-06, 0.001455
, 0.000747, 0.128037, 1e-06, 0.001458
, 0.000728, 0.127194, 0, 0.001579
, 0.000666, 0.126962, 0, 0.001476
, 0.000736, 0.127251, 1e-06, 0.001437
, 0.000728, 0.126216, 0, 0.001081
, 0.000664, 0.122344, 0, 0.001019
, 0.000741, 0.123789, 0, 0.001
, 0.000747, 0.122446, 1e-06, 0.001134
, 0.000696, 0.120285, 1e-06, 0.001003
, 0.000666, 0.123553, 0, 0.0031
, 0.000714, 0.12606, 1e-06, 0.00416
, 0.000717, 0.182467, 1e-06, 0.001057
, 0.000748, 0.12271, 0, 0.001062
, 0.000678, 0.127391, 1e-06, 0.001056
, 0.000684, 0.129201, 1e-06, 0.001146
, 0.000726, 0.132886, 1e-06, 0.001094
